{"cameraMode":{"drawMode":0,"name":"Shaded","section":"Shading Mode"},"sceneLighting":true,"audioPlay":false,"sceneViewState":{"m_AlwaysRefresh":false,"showFog":true,"showSkybox":true,"showFlares":true,"showImageEffects":true,"showParticleSystems":true,"showVisualEffectGraphs":true,"m_FxEnabled":true},"in2DMode":false,"pivot":{"x":11.928556442260743,"y":-27.497541427612306,"z":-29.104917526245118},"rotation":{"x":0.003402708563953638,"y":0.9520584344863892,"z":-0.3058209717273712,"w":0.010583094321191311},"size":32.02223205566406,"orthographic":false}