{"cameraMode":{"drawMode":0,"name":"Shaded","section":"Shading Mode"},"sceneLighting":true,"audioPlay":false,"sceneViewState":{"m_AlwaysRefresh":false,"showFog":true,"showSkybox":true,"showFlares":true,"showImageEffects":true,"showParticleSystems":true,"showVisualEffectGraphs":true,"m_FxEnabled":true},"in2DMode":false,"pivot":{"x":-125.27111053466797,"y":-113.9168472290039,"z":-254.96453857421876},"rotation":{"x":0.04251957684755325,"y":-0.9560394287109375,"z":0.17473836243152619,"w":0.23188593983650208},"size":162.5206298828125,"orthographic":false}